GamePk,home,away,Year
2019020001,Toronto Maple Leafs,Ottawa Senators,2019
2019020002,St. Louis Blues,Washington Capitals,2019
2019020003,Edmonton Oilers,Vancouver Canucks,2019
2019020004,Vegas Golden Knights,San Jose Sharks,2019
2019020005,Tampa Bay Lightning,Florida Panthers,2019
2019020006,New York Rangers,Winnipeg Jets,2019
2019020007,Pittsburgh Penguins,Buffalo Sabres,2019
2019020008,Carolina Hurricanes,Montréal Canadiens,2019
2019020009,Nashville Predators,Minnesota Wild,2019
2019020010,Dallas Stars,Boston Bruins,2019
2019020011,Colorado Avalanche,Calgary Flames,2019
2019020012,Anaheim Ducks,Arizona Coyotes,2019
2019020013,New Jersey Devils,Winnipeg Jets,2019
2019020014,New York Islanders,Washington Capitals,2019
2019020015,Columbus Blue Jackets,Toronto Maple Leafs,2019
2019020016,Philadelphia Flyers,Chicago Blackhawks,2019
2019020017,San Jose Sharks,Vegas Golden Knights,2019
2019020018,Buffalo Sabres,New Jersey Devils,2019
2019020019,Toronto Maple Leafs,Montréal Canadiens,2019
2019020020,Ottawa Senators,New York Rangers,2019
2019020021,Florida Panthers,Tampa Bay Lightning,2019
2019020022,Pittsburgh Penguins,Columbus Blue Jackets,2019
2019020023,Washington Capitals,Carolina Hurricanes,2019
2019020024,St. Louis Blues,Dallas Stars,2019
2019020025,Nashville Predators,Detroit Red Wings,2019
2019020026,Colorado Avalanche,Minnesota Wild,2019
2019020027,Arizona Coyotes,Boston Bruins,2019
2019020028,Calgary Flames,Vancouver Canucks,2019
2019020029,Edmonton Oilers,Los Angeles Kings,2019
2019020030,Anaheim Ducks,San Jose Sharks,2019
2019020031,Carolina Hurricanes,Tampa Bay Lightning,2019
2019020032,Detroit Red Wings,Dallas Stars,2019
2019020033,New York Islanders,Winnipeg Jets,2019
2019020034,Toronto Maple Leafs,St. Louis Blues,2019
2019020035,Columbus Blue Jackets,Buffalo Sabres,2019
2019020036,Florida Panthers,Carolina Hurricanes,2019
2019020037,New York Islanders,Edmonton Oilers,2019
2019020038,Pittsburgh Penguins,Winnipeg Jets,2019
2019020039,Washington Capitals,Dallas Stars,2019
2019020040,Detroit Red Wings,Anaheim Ducks,2019
2019020041,Nashville Predators,San Jose Sharks,2019
2019020042,Calgary Flames,Los Angeles Kings,2019
2019020043,Vegas Golden Knights,Boston Bruins,2019
2019020044,Buffalo Sabres,Montréal Canadiens,2019
2019020045,Philadelphia Flyers,New Jersey Devils,2019
2019020046,Vancouver Canucks,Los Angeles Kings,2019
2019020047,Toronto Maple Leafs,Tampa Bay Lightning,2019
2019020048,Montréal Canadiens,Detroit Red Wings,2019
2019020049,New Jersey Devils,Edmonton Oilers,2019
2019020050,Pittsburgh Penguins,Anaheim Ducks,2019
2019020051,Ottawa Senators,St. Louis Blues,2019
2019020052,Nashville Predators,Washington Capitals,2019
2019020053,Winnipeg Jets,Minnesota Wild,2019
2019020054,Chicago Blackhawks,San Jose Sharks,2019
2019020055,Dallas Stars,Calgary Flames,2019
2019020056,Colorado Avalanche,Boston Bruins,2019
2019020057,Arizona Coyotes,Vegas Golden Knights,2019
2019020058,Buffalo Sabres,Florida Panthers,2019
2019020059,Columbus Blue Jackets,Anaheim Ducks,2019
2019020060,Carolina Hurricanes,New York Islanders,2019
2019020061,New York Rangers,Edmonton Oilers,2019
2019020062,Ottawa Senators,Tampa Bay Lightning,2019
2019020063,Los Angeles Kings,Nashville Predators,2019
2019020064,Boston Bruins,New Jersey Devils,2019
2019020065,Montréal Canadiens,St. Louis Blues,2019
2019020066,Detroit Red Wings,Toronto Maple Leafs,2019
2019020067,New York Islanders,Florida Panthers,2019
2019020068,Carolina Hurricanes,Columbus Blue Jackets,2019
2019020069,Chicago Blackhawks,Winnipeg Jets,2019
2019020070,Dallas Stars,Washington Capitals,2019
2019020071,Minnesota Wild,Pittsburgh Penguins,2019
2019020072,Colorado Avalanche,Arizona Coyotes,2019
2019020073,Vancouver Canucks,Philadelphia Flyers,2019
2019020074,Vegas Golden Knights,Calgary Flames,2019
2019020075,Winnipeg Jets,Pittsburgh Penguins,2019
2019020076,Los Angeles Kings,Vegas Golden Knights,2019
2019020077,San Jose Sharks,Calgary Flames,2019
2019020078,Boston Bruins,Anaheim Ducks,2019
2019020079,Ottawa Senators,Minnesota Wild,2019
2019020080,New Jersey Devils,Florida Panthers,2019
2019020081,New York Islanders,St. Louis Blues,2019
2019020082,Buffalo Sabres,Dallas Stars,2019
2019020083,Washington Capitals,Colorado Avalanche,2019
2019020084,Chicago Blackhawks,Edmonton Oilers,2019
2019020085,Toronto Maple Leafs,Minnesota Wild,2019
2019020086,Montréal Canadiens,Tampa Bay Lightning,2019
2019020087,Winnipeg Jets,Arizona Coyotes,2019
2019020088,Calgary Flames,Philadelphia Flyers,2019
2019020089,Vancouver Canucks,Detroit Red Wings,2019
2019020090,Vegas Golden Knights,Nashville Predators,2019
2019020091,Los Angeles Kings,Carolina Hurricanes,2019
2019020092,Pittsburgh Penguins,Colorado Avalanche,2019
2019020093,Washington Capitals,Toronto Maple Leafs,2019
2019020094,Columbus Blue Jackets,Dallas Stars,2019
2019020095,Edmonton Oilers,Philadelphia Flyers,2019
2019020096,Anaheim Ducks,Buffalo Sabres,2019
2019020097,San Jose Sharks,Carolina Hurricanes,2019
2019020098,Boston Bruins,Tampa Bay Lightning,2019
2019020099,Montréal Canadiens,Minnesota Wild,2019
2019020100,New Jersey Devils,New York Rangers,2019
2019020101,St. Louis Blues,Vancouver Canucks,2019
2019020102,Winnipeg Jets,New York Islanders,2019
2019020103,Calgary Flames,Detroit Red Wings,2019
2019020104,Arizona Coyotes,Nashville Predators,2019
2019020105,Vegas Golden Knights,Ottawa Senators,2019
2019020106,Los Angeles Kings,Buffalo Sabres,2019
2019020107,Florida Panthers,Colorado Avalanche,2019
2019020108,Pittsburgh Penguins,Dallas Stars,2019
2019020109,Washington Capitals,New York Rangers,2019
2019020110,Chicago Blackhawks,Columbus Blue Jackets,2019
2019020111,Edmonton Oilers,Detroit Red Wings,2019
2019020112,Anaheim Ducks,Carolina Hurricanes,2019
2019020113,New Jersey Devils,Vancouver Canucks,2019
2019020114,St. Louis Blues,Montréal Canadiens,2019
2019020115,Toronto Maple Leafs,Boston Bruins,2019
2019020116,Tampa Bay Lightning,Colorado Avalanche,2019
2019020117,Philadelphia Flyers,Dallas Stars,2019
2019020118,Pittsburgh Penguins,Vegas Golden Knights,2019
2019020119,Columbus Blue Jackets,New York Islanders,2019
2019020120,Arizona Coyotes,Ottawa Senators,2019
2019020121,Nashville Predators,Florida Panthers,2019
2019020122,Los Angeles Kings,Calgary Flames,2019
2019020123,San Jose Sharks,Buffalo Sabres,2019
2019020124,New York Rangers,Vancouver Canucks,2019
2019020125,Minnesota Wild,Montréal Canadiens,2019
2019020126,Chicago Blackhawks,Washington Capitals,2019
2019020127,Winnipeg Jets,Edmonton Oilers,2019
2019020128,Anaheim Ducks,Calgary Flames,2019
2019020129,Toronto Maple Leafs,Columbus Blue Jackets,2019
2019020130,Philadelphia Flyers,Vegas Golden Knights,2019
2019020131,St. Louis Blues,Colorado Avalanche,2019
2019020132,Dallas Stars,Ottawa Senators,2019
2019020133,Boston Bruins,Toronto Maple Leafs,2019
2019020134,Buffalo Sabres,San Jose Sharks,2019
2019020135,Florida Panthers,Pittsburgh Penguins,2019
2019020136,New York Rangers,Arizona Coyotes,2019
2019020137,Detroit Red Wings,Vancouver Canucks,2019
2019020138,Nashville Predators,Anaheim Ducks,2019
2019020139,Minnesota Wild,Edmonton Oilers,2019
2019020140,Winnipeg Jets,Los Angeles Kings,2019
2019020141,Chicago Blackhawks,Vegas Golden Knights,2019
2019020142,Calgary Flames,Washington Capitals,2019
2019020143,Ottawa Senators,Detroit Red Wings,2019
2019020144,Tampa Bay Lightning,Pittsburgh Penguins,2019
2019020145,Montréal Canadiens,San Jose Sharks,2019
2019020146,New York Islanders,Arizona Coyotes,2019
2019020147,New York Rangers,Buffalo Sabres,2019
2019020148,Columbus Blue Jackets,Carolina Hurricanes,2019
2019020149,St. Louis Blues,Los Angeles Kings,2019
2019020150,Nashville Predators,Minnesota Wild,2019
2019020151,Chicago Blackhawks,Philadelphia Flyers,2019
2019020152,Dallas Stars,Anaheim Ducks,2019
2019020153,Calgary Flames,Florida Panthers,2019
2019020154,Edmonton Oilers,Washington Capitals,2019
2019020155,Vegas Golden Knights,Colorado Avalanche,2019
2019020156,Toronto Maple Leafs,San Jose Sharks,2019
2019020157,New Jersey Devils,Arizona Coyotes,2019
2019020158,Ottawa Senators,New York Islanders,2019
2019020159,Detroit Red Wings,Buffalo Sabres,2019
2019020160,Vancouver Canucks,Washington Capitals,2019
2019020161,Carolina Hurricanes,Chicago Blackhawks,2019
2019020162,Boston Bruins,St. Louis Blues,2019
2019020163,Montréal Canadiens,Toronto Maple Leafs,2019
2019020164,Tampa Bay Lightning,Nashville Predators,2019
2019020165,Philadelphia Flyers,Columbus Blue Jackets,2019
2019020166,Dallas Stars,Pittsburgh Penguins,2019
2019020167,Minnesota Wild,Los Angeles Kings,2019
2019020168,Winnipeg Jets,Calgary Flames,2019
2019020169,Colorado Avalanche,Anaheim Ducks,2019
2019020170,Edmonton Oilers,Florida Panthers,2019
2019020171,Detroit Red Wings,St. Louis Blues,2019
2019020172,Ottawa Senators,San Jose Sharks,2019
2019020173,New York Islanders,Philadelphia Flyers,2019
2019020174,New York Rangers,Boston Bruins,2019
2019020175,Chicago Blackhawks,Los Angeles Kings,2019
2019020176,Vegas Golden Knights,Anaheim Ducks,2019
2019020177,Buffalo Sabres,Arizona Coyotes,2019
2019020178,Vancouver Canucks,Florida Panthers,2019
2019020179,Boston Bruins,San Jose Sharks,2019
2019020180,Toronto Maple Leafs,Washington Capitals,2019
2019020181,New York Rangers,Tampa Bay Lightning,2019
2019020182,Pittsburgh Penguins,Philadelphia Flyers,2019
2019020183,Carolina Hurricanes,Calgary Flames,2019
2019020184,Detroit Red Wings,Edmonton Oilers,2019
2019020185,Nashville Predators,Chicago Blackhawks,2019
2019020186,Dallas Stars,Minnesota Wild,2019
2019020187,Anaheim Ducks,Winnipeg Jets,2019
2019020188,New Jersey Devils,Tampa Bay Lightning,2019
2019020189,Columbus Blue Jackets,Edmonton Oilers,2019
2019020190,St. Louis Blues,Minnesota Wild,2019
2019020191,Colorado Avalanche,Florida Panthers,2019
2019020192,Arizona Coyotes,Montréal Canadiens,2019
2019020193,Los Angeles Kings,Vancouver Canucks,2019
2019020194,Nashville Predators,Calgary Flames,2019
2019020195,Vegas Golden Knights,Montréal Canadiens,2019
2019020196,New Jersey Devils,Philadelphia Flyers,2019
2019020197,New York Islanders,Tampa Bay Lightning,2019
2019020198,Washington Capitals,Buffalo Sabres,2019
2019020199,Carolina Hurricanes,Detroit Red Wings,2019
2019020200,St. Louis Blues,Columbus Blue Jackets,2019
2019020201,Colorado Avalanche,Dallas Stars,2019
2019020202,Anaheim Ducks,Vancouver Canucks,2019
2019020203,San Jose Sharks,Winnipeg Jets,2019
2019020204,Pittsburgh Penguins,Edmonton Oilers,2019
2019020205,Nashville Predators,New York Rangers,2019
2019020206,Boston Bruins,Ottawa Senators,2019
2019020207,Buffalo Sabres,New York Islanders,2019
2019020208,Florida Panthers,Detroit Red Wings,2019
2019020209,Philadelphia Flyers,Toronto Maple Leafs,2019
2019020210,Carolina Hurricanes,New Jersey Devils,2019
2019020211,Columbus Blue Jackets,Calgary Flames,2019
2019020212,Dallas Stars,Montréal Canadiens,2019
2019020213,Minnesota Wild,St. Louis Blues,2019
2019020214,Arizona Coyotes,Colorado Avalanche,2019
2019020215,Vegas Golden Knights,Winnipeg Jets,2019
2019020216,San Jose Sharks,Vancouver Canucks,2019
2019020217,Los Angeles Kings,Chicago Blackhawks,2019
2019020218,Washington Capitals,Calgary Flames,2019
2019020219,Anaheim Ducks,Chicago Blackhawks,2019
2019020220,Boston Bruins,Pittsburgh Penguins,2019
2019020221,New York Rangers,Ottawa Senators,2019
2019020222,Detroit Red Wings,Nashville Predators,2019
2019020223,Edmonton Oilers,Arizona Coyotes,2019
2019020224,Montréal Canadiens,Boston Bruins,2019
2019020225,New York Islanders,Ottawa Senators,2019
2019020226,Philadelphia Flyers,Carolina Hurricanes,2019
2019020227,Columbus Blue Jackets,Vegas Golden Knights,2019
2019020228,Toronto Maple Leafs,Los Angeles Kings,2019
2019020229,Winnipeg Jets,New Jersey Devils,2019
2019020230,Dallas Stars,Colorado Avalanche,2019
2019020231,Calgary Flames,Arizona Coyotes,2019
2019020232,Vancouver Canucks,St. Louis Blues,2019
2019020233,Anaheim Ducks,Minnesota Wild,2019
2019020234,San Jose Sharks,Chicago Blackhawks,2019
2019020235,New York Rangers,Detroit Red Wings,2019
2019020236,Edmonton Oilers,St. Louis Blues,2019
2019020237,Toronto Maple Leafs,Vegas Golden Knights,2019
2019020238,Florida Panthers,Washington Capitals,2019
2019020239,New York Islanders,Pittsburgh Penguins,2019
2019020240,Philadelphia Flyers,Montréal Canadiens,2019
2019020241,Carolina Hurricanes,New York Rangers,2019
2019020242,Ottawa Senators,Los Angeles Kings,2019
2019020243,Chicago Blackhawks,Vancouver Canucks,2019
2019020244,Colorado Avalanche,Nashville Predators,2019
2019020245,Calgary Flames,New Jersey Devils,2019
2019020246,Arizona Coyotes,Columbus Blue Jackets,2019
2019020247,San Jose Sharks,Minnesota Wild,2019
2019020248,Detroit Red Wings,Boston Bruins,2019
2019020249,Buffalo Sabres,Tampa Bay Lightning,2019
2019020250,Winnipeg Jets,Vancouver Canucks,2019
2019020251,Edmonton Oilers,New Jersey Devils,2019
2019020252,New York Islanders,Florida Panthers,2019
2019020253,Toronto Maple Leafs,Philadelphia Flyers,2019
2019020254,Montréal Canadiens,Los Angeles Kings,2019
2019020255,Ottawa Senators,Carolina Hurricanes,2019
2019020256,Tampa Bay Lightning,Buffalo Sabres,2019
2019020257,Pittsburgh Penguins,Chicago Blackhawks,2019
2019020258,Washington Capitals,Vegas Golden Knights,2019
2019020259,Arizona Coyotes,Minnesota Wild,2019
2019020260,Colorado Avalanche,Columbus Blue Jackets,2019
2019020261,Calgary Flames,St. Louis Blues,2019
2019020262,San Jose Sharks,Nashville Predators,2019
2019020263,New York Rangers,Florida Panthers,2019
2019020264,Winnipeg Jets,Dallas Stars,2019
2019020265,Vancouver Canucks,New Jersey Devils,2019
2019020266,Detroit Red Wings,Vegas Golden Knights,2019
2019020267,Boston Bruins,Philadelphia Flyers,2019
2019020268,Chicago Blackhawks,Toronto Maple Leafs,2019
2019020269,Anaheim Ducks,Edmonton Oilers,2019
2019020270,Washington Capitals,Arizona Coyotes,2019
2019020271,Carolina Hurricanes,Ottawa Senators,2019
2019020272,Boston Bruins,Florida Panthers,2019
2019020273,Montréal Canadiens,Columbus Blue Jackets,2019
2019020274,New York Rangers,Pittsburgh Penguins,2019
2019020275,St. Louis Blues,Arizona Coyotes,2019
2019020276,Winnipeg Jets,Colorado Avalanche,2019
2019020277,Vancouver Canucks,Nashville Predators,2019
2019020278,Anaheim Ducks,Detroit Red Wings,2019
2019020279,Los Angeles Kings,Minnesota Wild,2019
2019020280,San Jose Sharks,Edmonton Oilers,2019
2019020281,New Jersey Devils,Ottawa Senators,2019
2019020282,New York Islanders,Toronto Maple Leafs,2019
2019020283,Philadelphia Flyers,Washington Capitals,2019
2019020284,Calgary Flames,Dallas Stars,2019
2019020285,Vegas Golden Knights,Chicago Blackhawks,2019
2019020286,Buffalo Sabres,Carolina Hurricanes,2019
2019020287,Tampa Bay Lightning,New York Rangers,2019
2019020288,Florida Panthers,Winnipeg Jets,2019
2019020289,Minnesota Wild,Arizona Coyotes,2019
2019020290,Edmonton Oilers,Colorado Avalanche,2019
2019020291,Vancouver Canucks,Dallas Stars,2019
2019020292,Anaheim Ducks,San Jose Sharks,2019
2019020293,Los Angeles Kings,Detroit Red Wings,2019
2019020294,Toronto Maple Leafs,Boston Bruins,2019
2019020295,New Jersey Devils,Pittsburgh Penguins,2019
2019020296,Washington Capitals,Montréal Canadiens,2019
2019020297,Columbus Blue Jackets,St. Louis Blues,2019
2019020298,Ottawa Senators,Philadelphia Flyers,2019
2019020299,Minnesota Wild,Carolina Hurricanes,2019
2019020300,Tampa Bay Lightning,Winnipeg Jets,2019
2019020301,Edmonton Oilers,Dallas Stars,2019
2019020302,Arizona Coyotes,Calgary Flames,2019
2019020303,Boston Bruins,Washington Capitals,2019
2019020304,Buffalo Sabres,Ottawa Senators,2019
2019020305,Montréal Canadiens,New Jersey Devils,2019
2019020306,Florida Panthers,New York Rangers,2019
2019020307,Philadelphia Flyers,New York Islanders,2019
2019020308,Pittsburgh Penguins,Toronto Maple Leafs,2019
2019020309,St. Louis Blues,Anaheim Ducks,2019
2019020310,Nashville Predators,Chicago Blackhawks,2019
2019020311,Vancouver Canucks,Colorado Avalanche,2019
2019020312,Los Angeles Kings,Vegas Golden Knights,2019
2019020313,San Jose Sharks,Detroit Red Wings,2019
2019020314,Chicago Blackhawks,Buffalo Sabres,2019
2019020315,Vegas Golden Knights,Calgary Flames,2019
2019020316,Washington Capitals,Anaheim Ducks,2019
2019020317,Arizona Coyotes,Los Angeles Kings,2019
2019020318,Buffalo Sabres,Minnesota Wild,2019
2019020319,Florida Panthers,Philadelphia Flyers,2019
2019020320,New Jersey Devils,Boston Bruins,2019
2019020321,Pittsburgh Penguins,New York Islanders,2019
2019020322,Columbus Blue Jackets,Montréal Canadiens,2019
2019020323,Detroit Red Wings,Ottawa Senators,2019
2019020324,St. Louis Blues,Tampa Bay Lightning,2019
2019020325,Nashville Predators,Winnipeg Jets,2019
2019020326,Chicago Blackhawks,Carolina Hurricanes,2019
2019020327,Dallas Stars,Vancouver Canucks,2019
2019020328,Calgary Flames,Colorado Avalanche,2019
2019020329,Vegas Golden Knights,Toronto Maple Leafs,2019
2019020330,San Jose Sharks,Edmonton Oilers,2019
2019020331,Montréal Canadiens,Ottawa Senators,2019
2019020332,New York Rangers,Washington Capitals,2019
2019020333,Boston Bruins,Buffalo Sabres,2019
2019020334,Florida Panthers,Anaheim Ducks,2019
2019020335,New York Islanders,Pittsburgh Penguins,2019
2019020336,Carolina Hurricanes,Philadelphia Flyers,2019
2019020337,Columbus Blue Jackets,Detroit Red Wings,2019
2019020338,St. Louis Blues,Calgary Flames,2019
2019020339,Nashville Predators,Vancouver Canucks,2019
2019020340,Minnesota Wild,Colorado Avalanche,2019
2019020341,Chicago Blackhawks,Tampa Bay Lightning,2019
2019020342,Dallas Stars,Winnipeg Jets,2019
2019020343,Arizona Coyotes,Toronto Maple Leafs,2019
2019020344,Vegas Golden Knights,San Jose Sharks,2019
2019020345,Los Angeles Kings,Edmonton Oilers,2019
2019020346,Pittsburgh Penguins,New Jersey Devils,2019
2019020347,Ottawa Senators,New York Rangers,2019
2019020348,Washington Capitals,Vancouver Canucks,2019
2019020349,Philadelphia Flyers,Calgary Flames,2019
2019020350,Los Angeles Kings,Arizona Coyotes,2019
2019020351,Boston Bruins,Minnesota Wild,2019
2019020352,Montréal Canadiens,New York Rangers,2019
2019020353,Tampa Bay Lightning,Anaheim Ducks,2019
2019020354,New Jersey Devils,Detroit Red Wings,2019
2019020355,Carolina Hurricanes,Florida Panthers,2019
2019020356,Winnipeg Jets,Columbus Blue Jackets,2019
2019020357,Colorado Avalanche,Toronto Maple Leafs,2019
2019020358,St. Louis Blues,Nashville Predators,2019
2019020359,Dallas Stars,Chicago Blackhawks,2019
2019020360,Vegas Golden Knights,Edmonton Oilers,2019
2019020361,San Jose Sharks,New York Islanders,2019
2019020362,Florida Panthers,Buffalo Sabres,2019
2019020363,Detroit Red Wings,Carolina Hurricanes,2019
2019020364,Arizona Coyotes,Edmonton Oilers,2019
2019020365,Tampa Bay Lightning,Buffalo Sabres,2019
2019020366,New York Rangers,Minnesota Wild,2019
2019020367,Philadelphia Flyers,Vancouver Canucks,2019
2019020368,Pittsburgh Penguins,Calgary Flames,2019
2019020369,Columbus Blue Jackets,Ottawa Senators,2019
2019020370,Nashville Predators,St. Louis Blues,2019
2019020371,Dallas Stars,Vegas Golden Knights,2019
2019020372,Anaheim Ducks,New York Islanders,2019
2019020373,Los Angeles Kings,San Jose Sharks,2019
2019020374,Montréal Canadiens,Boston Bruins,2019
2019020375,New Jersey Devils,Minnesota Wild,2019
2019020376,Chicago Blackhawks,Dallas Stars,2019
2019020377,Buffalo Sabres,Calgary Flames,2019
2019020378,Ottawa Senators,Boston Bruins,2019
2019020379,Detroit Red Wings,Toronto Maple Leafs,2019
2019020380,Tampa Bay Lightning,St. Louis Blues,2019
2019020381,New York Rangers,Carolina Hurricanes,2019
2019020382,Pittsburgh Penguins,Vancouver Canucks,2019
2019020383,Washington Capitals,Florida Panthers,2019
2019020384,Columbus Blue Jackets,Philadelphia Flyers,2019
2019020385,Nashville Predators,Vegas Golden Knights,2019
2019020386,Arizona Coyotes,Anaheim Ducks,2019
2019020387,Colorado Avalanche,Edmonton Oilers,2019
2019020388,Los Angeles Kings,New York Islanders,2019
2019020389,San Jose Sharks,Winnipeg Jets,2019
2019020390,Montréal Canadiens,New Jersey Devils,2019
2019020391,Boston Bruins,New York Rangers,2019
2019020392,Buffalo Sabres,Toronto Maple Leafs,2019
2019020393,Philadelphia Flyers,Detroit Red Wings,2019
2019020394,Chicago Blackhawks,Colorado Avalanche,2019
2019020395,Minnesota Wild,Ottawa Senators,2019
2019020396,Anaheim Ducks,Winnipeg Jets,2019
2019020397,San Jose Sharks,Los Angeles Kings,2019
2019020398,Washington Capitals,Tampa Bay Lightning,2019
2019020399,Vegas Golden Knights,Arizona Coyotes,2019
2019020400,Columbus Blue Jackets,Pittsburgh Penguins,2019
2019020401,Carolina Hurricanes,Nashville Predators,2019
2019020402,Dallas Stars,St. Louis Blues,2019
2019020403,New Jersey Devils,New York Rangers,2019
2019020404,Montréal Canadiens,Philadelphia Flyers,2019
2019020405,Toronto Maple Leafs,Buffalo Sabres,2019
2019020406,Detroit Red Wings,Washington Capitals,2019
2019020407,Tampa Bay Lightning,Carolina Hurricanes,2019
2019020408,Florida Panthers,Nashville Predators,2019
2019020409,New York Islanders,Columbus Blue Jackets,2019
2019020410,Calgary Flames,Ottawa Senators,2019
2019020411,St. Louis Blues,Pittsburgh Penguins,2019
2019020412,Arizona Coyotes,San Jose Sharks,2019
2019020413,Colorado Avalanche,Chicago Blackhawks,2019
2019020414,Edmonton Oilers,Vancouver Canucks,2019
2019020415,Los Angeles Kings,Winnipeg Jets,2019
2019020416,Minnesota Wild,Dallas Stars,2019
2019020417,Boston Bruins,Montréal Canadiens,2019
2019020418,Vancouver Canucks,Edmonton Oilers,2019
2019020419,Buffalo Sabres,New Jersey Devils,2019
2019020420,New York Rangers,Vegas Golden Knights,2019
2019020421,Detroit Red Wings,New York Islanders,2019
2019020422,Chicago Blackhawks,St. Louis Blues,2019
2019020423,Anaheim Ducks,Los Angeles Kings,2019
2019020424,Boston Bruins,Carolina Hurricanes,2019
2019020425,Montréal Canadiens,New York Islanders,2019
2019020426,Florida Panthers,Minnesota Wild,2019
2019020427,New Jersey Devils,Vegas Golden Knights,2019
2019020428,Philadelphia Flyers,Toronto Maple Leafs,2019
2019020429,Columbus Blue Jackets,Arizona Coyotes,2019
2019020430,Nashville Predators,Tampa Bay Lightning,2019
2019020431,Winnipeg Jets,Dallas Stars,2019
2019020432,Vancouver Canucks,Ottawa Senators,2019
2019020433,San Jose Sharks,Washington Capitals,2019
2019020434,Toronto Maple Leafs,Colorado Avalanche,2019
2019020435,Pittsburgh Penguins,St. Louis Blues,2019
2019020436,Edmonton Oilers,Ottawa Senators,2019
2019020437,Los Angeles Kings,Washington Capitals,2019
2019020438,Boston Bruins,Chicago Blackhawks,2019
2019020439,Montréal Canadiens,Colorado Avalanche,2019
2019020440,Tampa Bay Lightning,Minnesota Wild,2019
2019020441,New York Islanders,Vegas Golden Knights,2019
2019020442,Philadelphia Flyers,Arizona Coyotes,2019
2019020443,Carolina Hurricanes,San Jose Sharks,2019
2019020444,Columbus Blue Jackets,New York Rangers,2019
2019020445,Dallas Stars,Winnipeg Jets,2019
2019020446,Calgary Flames,Buffalo Sabres,2019
2019020447,New Jersey Devils,Chicago Blackhawks,2019
2019020448,New York Rangers,Montréal Canadiens,2019
2019020449,Pittsburgh Penguins,Arizona Coyotes,2019
2019020450,Edmonton Oilers,Los Angeles Kings,2019
2019020451,Anaheim Ducks,Washington Capitals,2019
2019020452,Philadelphia Flyers,Ottawa Senators,2019
2019020453,Vancouver Canucks,Buffalo Sabres,2019
2019020454,Boston Bruins,Colorado Avalanche,2019
2019020455,Detroit Red Wings,Pittsburgh Penguins,2019
2019020456,Tampa Bay Lightning,San Jose Sharks,2019
2019020457,Florida Panthers,Columbus Blue Jackets,2019
2019020458,Carolina Hurricanes,Minnesota Wild,2019
2019020459,St. Louis Blues,Toronto Maple Leafs,2019
2019020460,Nashville Predators,New Jersey Devils,2019
2019020461,Dallas Stars,New York Islanders,2019
2019020462,Calgary Flames,Los Angeles Kings,2019
2019020463,Winnipeg Jets,Anaheim Ducks,2019
2019020464,Florida Panthers,San Jose Sharks,2019
2019020465,Chicago Blackhawks,Arizona Coyotes,2019
2019020466,Vegas Golden Knights,New York Rangers,2019
2019020467,Edmonton Oilers,Buffalo Sabres,2019
2019020468,Tampa Bay Lightning,New York Islanders,2019
2019020469,Washington Capitals,Columbus Blue Jackets,2019
2019020470,Ottawa Senators,Boston Bruins,2019
2019020471,Colorado Avalanche,Calgary Flames,2019
2019020472,Buffalo Sabres,St. Louis Blues,2019
2019020473,Florida Panthers,Tampa Bay Lightning,2019
2019020474,Pittsburgh Penguins,Montréal Canadiens,2019
2019020475,Nashville Predators,San Jose Sharks,2019
2019020476,Minnesota Wild,Anaheim Ducks,2019
2019020477,Winnipeg Jets,Detroit Red Wings,2019
2019020478,Dallas Stars,New Jersey Devils,2019
2019020479,Edmonton Oilers,Carolina Hurricanes,2019
2019020480,Arizona Coyotes,Calgary Flames,2019
2019020481,Vancouver Canucks,Toronto Maple Leafs,2019
2019020482,Vegas Golden Knights,Chicago Blackhawks,2019
2019020483,Los Angeles Kings,New York Rangers,2019
2019020484,Washington Capitals,Boston Bruins,2019
2019020485,Montréal Canadiens,Ottawa Senators,2019
2019020486,Colorado Avalanche,Philadelphia Flyers,2019
2019020487,Buffalo Sabres,Nashville Predators,2019
2019020488,Tampa Bay Lightning,Boston Bruins,2019
2019020489,Florida Panthers,New York Islanders,2019
2019020490,Pittsburgh Penguins,Columbus Blue Jackets,2019
2019020491,Detroit Red Wings,Winnipeg Jets,2019
2019020492,St. Louis Blues,Vegas Golden Knights,2019
2019020493,Minnesota Wild,Edmonton Oilers,2019
2019020494,Calgary Flames,Toronto Maple Leafs,2019
2019020495,Arizona Coyotes,Chicago Blackhawks,2019
2019020496,Vancouver Canucks,Carolina Hurricanes,2019
2019020497,Anaheim Ducks,Los Angeles Kings,2019
2019020498,San Jose Sharks,New York Rangers,2019
2019020499,Dallas Stars,Vegas Golden Knights,2019
2019020500,Colorado Avalanche,New Jersey Devils,2019
2019020501,Ottawa Senators,Columbus Blue Jackets,2019
2019020502,New York Islanders,Buffalo Sabres,2019
2019020503,Calgary Flames,Carolina Hurricanes,2019
2019020504,Anaheim Ducks,New York Rangers,2019
2019020505,Nashville Predators,Dallas Stars,2019
2019020506,Montréal Canadiens,Detroit Red Wings,2019
2019020507,Tampa Bay Lightning,Washington Capitals,2019
2019020508,Florida Panthers,Boston Bruins,2019
2019020509,Pittsburgh Penguins,Los Angeles Kings,2019
2019020510,Minnesota Wild,Philadelphia Flyers,2019
2019020511,Edmonton Oilers,Toronto Maple Leafs,2019
2019020512,St. Louis Blues,Chicago Blackhawks,2019
2019020513,Arizona Coyotes,New Jersey Devils,2019
2019020514,San Jose Sharks,Vancouver Canucks,2019
2019020515,Winnipeg Jets,Philadelphia Flyers,2019
2019020516,Detroit Red Wings,Los Angeles Kings,2019
2019020517,Chicago Blackhawks,Minnesota Wild,2019
2019020518,Vegas Golden Knights,Vancouver Canucks,2019
2019020519,Florida Panthers,Ottawa Senators,2019
2019020520,New York Rangers,Nashville Predators,2019
2019020521,Columbus Blue Jackets,Washington Capitals,2019
2019020522,St. Louis Blues,Colorado Avalanche,2019
2019020523,Dallas Stars,Edmonton Oilers,2019
2019020524,Boston Bruins,Los Angeles Kings,2019
2019020525,Toronto Maple Leafs,Buffalo Sabres,2019
2019020526,Tampa Bay Lightning,Ottawa Senators,2019
2019020527,New York Islanders,Nashville Predators,2019
2019020528,Philadelphia Flyers,Anaheim Ducks,2019
2019020529,Detroit Red Wings,Columbus Blue Jackets,2019
2019020530,Winnipeg Jets,Carolina Hurricanes,2019
2019020531,Calgary Flames,Pittsburgh Penguins,2019
2019020532,Vancouver Canucks,Montréal Canadiens,2019
2019020533,Vegas Golden Knights,Minnesota Wild,2019
2019020534,San Jose Sharks,Arizona Coyotes,2019
2019020535,New Jersey Devils,Anaheim Ducks,2019
2019020536,Chicago Blackhawks,Colorado Avalanche,2019
2019020537,St. Louis Blues,Edmonton Oilers,2019
2019020538,Boston Bruins,New York Islanders,2019
2019020539,Tampa Bay Lightning,Dallas Stars,2019
2019020540,Philadelphia Flyers,Buffalo Sabres,2019
2019020541,Columbus Blue Jackets,Los Angeles Kings,2019
2019020542,Ottawa Senators,Nashville Predators,2019
2019020543,Winnipeg Jets,Chicago Blackhawks,2019
2019020544,Colorado Avalanche,Carolina Hurricanes,2019
2019020545,Calgary Flames,Montréal Canadiens,2019
2019020546,Arizona Coyotes,Minnesota Wild,2019
2019020547,Vancouver Canucks,Vegas Golden Knights,2019
2019020548,Florida Panthers,Dallas Stars,2019
2019020549,New Jersey Devils,Washington Capitals,2019
2019020550,New York Rangers,Toronto Maple Leafs,2019
2019020551,Edmonton Oilers,Pittsburgh Penguins,2019
2019020552,Buffalo Sabres,Los Angeles Kings,2019
2019020553,New York Islanders,Anaheim Ducks,2019
2019020554,Minnesota Wild,Winnipeg Jets,2019
2019020555,Boston Bruins,Nashville Predators,2019
2019020556,Toronto Maple Leafs,Detroit Red Wings,2019
2019020557,Ottawa Senators,Philadelphia Flyers,2019
2019020558,Washington Capitals,Tampa Bay Lightning,2019
2019020559,Carolina Hurricanes,Florida Panthers,2019
2019020560,Columbus Blue Jackets,New Jersey Devils,2019
2019020561,Edmonton Oilers,Montréal Canadiens,2019
2019020562,Colorado Avalanche,Chicago Blackhawks,2019
2019020563,Vancouver Canucks,Pittsburgh Penguins,2019
2019020564,San Jose Sharks,St. Louis Blues,2019
2019020565,New York Rangers,Anaheim Ducks,2019
2019020566,Detroit Red Wings,Arizona Coyotes,2019
2019020567,Dallas Stars,Calgary Flames,2019
2019020568,San Jose Sharks,Vegas Golden Knights,2019
2019020569,Toronto Maple Leafs,Carolina Hurricanes,2019
2019020570,Minnesota Wild,Calgary Flames,2019
2019020571,Boston Bruins,Washington Capitals,2019
2019020572,Tampa Bay Lightning,Florida Panthers,2019
2019020573,New York Islanders,Columbus Blue Jackets,2019
2019020574,Philadelphia Flyers,New York Rangers,2019
2019020575,Ottawa Senators,Buffalo Sabres,2019
2019020576,Nashville Predators,Arizona Coyotes,2019
2019020577,Winnipeg Jets,Montréal Canadiens,2019
2019020578,Chicago Blackhawks,New Jersey Devils,2019
2019020579,Vancouver Canucks,Edmonton Oilers,2019
2019020580,Vegas Golden Knights,Colorado Avalanche,2019
2019020581,Los Angeles Kings,St. Louis Blues,2019
2019020582,Buffalo Sabres,Boston Bruins,2019
2019020583,New Jersey Devils,Toronto Maple Leafs,2019
2019020584,New York Rangers,Carolina Hurricanes,2019
2019020585,Washington Capitals,Columbus Blue Jackets,2019
2019020586,Nashville Predators,Pittsburgh Penguins,2019
2019020587,Winnipeg Jets,St. Louis Blues,2019
2019020588,Colorado Avalanche,Minnesota Wild,2019
2019020589,Chicago Blackhawks,New York Islanders,2019
2019020590,Edmonton Oilers,Calgary Flames,2019
2019020591,Anaheim Ducks,Vegas Golden Knights,2019
2019020592,San Jose Sharks,Los Angeles Kings,2019
2019020593,Toronto Maple Leafs,New York Rangers,2019
2019020594,Tampa Bay Lightning,Montréal Canadiens,2019
2019020595,Florida Panthers,Detroit Red Wings,2019
2019020596,Pittsburgh Penguins,Nashville Predators,2019
2019020597,Carolina Hurricanes,Washington Capitals,2019
2019020598,Dallas Stars,Colorado Avalanche,2019
2019020599,Vancouver Canucks,Los Angeles Kings,2019
2019020600,Vegas Golden Knights,Arizona Coyotes,2019
2019020601,San Jose Sharks,Philadelphia Flyers,2019
2019020602,St. Louis Blues,Winnipeg Jets,2019
2019020603,Ottawa Senators,New Jersey Devils,2019
2019020604,Columbus Blue Jackets,Chicago Blackhawks,2019
2019020605,Minnesota Wild,New York Islanders,2019
2019020606,Boston Bruins,Buffalo Sabres,2019
2019020607,Tampa Bay Lightning,Detroit Red Wings,2019
2019020608,Florida Panthers,Montréal Canadiens,2019
2019020609,Arizona Coyotes,Dallas Stars,2019
2019020610,Anaheim Ducks,Philadelphia Flyers,2019
2019020611,Calgary Flames,Vancouver Canucks,2019
2019020612,Pittsburgh Penguins,Ottawa Senators,2019
2019020613,New Jersey Devils,Boston Bruins,2019
2019020614,Washington Capitals,New York Islanders,2019
2019020615,Vegas Golden Knights,Anaheim Ducks,2019
2019020616,Minnesota Wild,Toronto Maple Leafs,2019
2019020617,Buffalo Sabres,Tampa Bay Lightning,2019
2019020618,Carolina Hurricanes,Montréal Canadiens,2019
2019020619,Columbus Blue Jackets,Florida Panthers,2019
2019020620,Detroit Red Wings,San Jose Sharks,2019
2019020621,Colorado Avalanche,Winnipeg Jets,2019
2019020622,Calgary Flames,Chicago Blackhawks,2019
2019020623,Edmonton Oilers,New York Rangers,2019
2019020624,Arizona Coyotes,St. Louis Blues,2019
2019020625,Los Angeles Kings,Philadelphia Flyers,2019
2019020626,Dallas Stars,Nashville Predators,2019
2019020627,Boston Bruins,Columbus Blue Jackets,2019
2019020628,Buffalo Sabres,Edmonton Oilers,2019
2019020629,Montréal Canadiens,Tampa Bay Lightning,2019
2019020630,New York Islanders,New Jersey Devils,2019
2019020631,Pittsburgh Penguins,San Jose Sharks,2019
2019020632,Ottawa Senators,Florida Panthers,2019
2019020633,Winnipeg Jets,Toronto Maple Leafs,2019
2019020634,Colorado Avalanche,St. Louis Blues,2019
2019020635,Calgary Flames,New York Rangers,2019
2019020636,Arizona Coyotes,Anaheim Ducks,2019
2019020637,Vancouver Canucks,Chicago Blackhawks,2019
2019020638,Vegas Golden Knights,Philadelphia Flyers,2019
2019020639,Carolina Hurricanes,Washington Capitals,2019
2019020640,Dallas Stars,Detroit Red Wings,2019
2019020641,Boston Bruins,Edmonton Oilers,2019
2019020642,Columbus Blue Jackets,San Jose Sharks,2019
2019020643,Minnesota Wild,Winnipeg Jets,2019
2019020644,Vegas Golden Knights,St. Louis Blues,2019
2019020645,Buffalo Sabres,Florida Panthers,2019
2019020646,Toronto Maple Leafs,New York Islanders,2019
2019020647,Montréal Canadiens,Pittsburgh Penguins,2019
2019020648,Ottawa Senators,Tampa Bay Lightning,2019
2019020649,New Jersey Devils,Colorado Avalanche,2019
2019020650,Arizona Coyotes,Philadelphia Flyers,2019
2019020651,Vancouver Canucks,New York Rangers,2019
2019020652,Los Angeles Kings,Nashville Predators,2019
2019020653,Washington Capitals,San Jose Sharks,2019
2019020654,Pittsburgh Penguins,Florida Panthers,2019
2019020655,Carolina Hurricanes,Tampa Bay Lightning,2019
2019020656,Minnesota Wild,Calgary Flames,2019
2019020657,Chicago Blackhawks,Detroit Red Wings,2019
2019020658,Anaheim Ducks,Nashville Predators,2019
2019020659,Toronto Maple Leafs,Edmonton Oilers,2019
2019020660,Montréal Canadiens,Winnipeg Jets,2019
2019020661,New York Islanders,Colorado Avalanche,2019
2019020662,Los Angeles Kings,Columbus Blue Jackets,2019
2019020663,Tampa Bay Lightning,Vancouver Canucks,2019
2019020664,Florida Panthers,Arizona Coyotes,2019
2019020665,New Jersey Devils,New York Islanders,2019
2019020666,New York Rangers,Colorado Avalanche,2019
2019020667,Washington Capitals,Ottawa Senators,2019
2019020668,Carolina Hurricanes,Philadelphia Flyers,2019
2019020669,Detroit Red Wings,Montréal Canadiens,2019
2019020670,St. Louis Blues,San Jose Sharks,2019
2019020671,Nashville Predators,Boston Bruins,2019
2019020672,Chicago Blackhawks,Calgary Flames,2019
2019020673,Vegas Golden Knights,Pittsburgh Penguins,2019
2019020674,Anaheim Ducks,Columbus Blue Jackets,2019
2019020675,Toronto Maple Leafs,Winnipeg Jets,2019
2019020676,Philadelphia Flyers,Washington Capitals,2019
2019020677,Los Angeles Kings,Dallas Stars,2019
2019020678,Boston Bruins,Winnipeg Jets,2019
2019020679,Montréal Canadiens,Edmonton Oilers,2019
2019020680,Tampa Bay Lightning,Arizona Coyotes,2019
2019020681,Florida Panthers,Vancouver Canucks,2019
2019020682,New York Rangers,New Jersey Devils,2019
2019020683,St. Louis Blues,Buffalo Sabres,2019
2019020684,Chicago Blackhawks,Nashville Predators,2019
2019020685,Calgary Flames,Minnesota Wild,2019
2019020686,Vegas Golden Knights,Los Angeles Kings,2019
2019020687,Anaheim Ducks,Dallas Stars,2019
2019020688,San Jose Sharks,Columbus Blue Jackets,2019
2019020689,Detroit Red Wings,Ottawa Senators,2019
2019020690,Carolina Hurricanes,Arizona Coyotes,2019
2019020691,Colorado Avalanche,Pittsburgh Penguins,2019
2019020692,Buffalo Sabres,Vancouver Canucks,2019
2019020693,Ottawa Senators,Montréal Canadiens,2019
2019020694,New York Islanders,Boston Bruins,2019
2019020695,Philadelphia Flyers,Tampa Bay Lightning,2019
2019020696,Washington Capitals,New Jersey Devils,2019
2019020697,Carolina Hurricanes,Los Angeles Kings,2019
2019020698,St. Louis Blues,New York Rangers,2019
2019020699,Chicago Blackhawks,Anaheim Ducks,2019
2019020700,Calgary Flames,Edmonton Oilers,2019
2019020701,Vegas Golden Knights,Columbus Blue Jackets,2019
2019020702,San Jose Sharks,Dallas Stars,2019
2019020703,Winnipeg Jets,Nashville Predators,2019
2019020704,Minnesota Wild,Vancouver Canucks,2019
2019020705,Detroit Red Wings,Buffalo Sabres,2019
2019020706,Arizona Coyotes,Pittsburgh Penguins,2019
2019020707,Florida Panthers,Toronto Maple Leafs,2019
2019020708,New Jersey Devils,Tampa Bay Lightning,2019
2019020709,Montréal Canadiens,Calgary Flames,2019
2019020710,New York Rangers,New York Islanders,2019
2019020711,Philadelphia Flyers,Boston Bruins,2019
2019020712,Washington Capitals,Carolina Hurricanes,2019
2019020713,St. Louis Blues,Anaheim Ducks,2019
2019020714,Buffalo Sabres,Vegas Golden Knights,2019
2019020715,Toronto Maple Leafs,New Jersey Devils,2019
2019020716,Tampa Bay Lightning,Los Angeles Kings,2019
2019020717,New York Islanders,Detroit Red Wings,2019
2019020718,Pittsburgh Penguins,Minnesota Wild,2019
2019020719,Columbus Blue Jackets,Boston Bruins,2019
2019020720,Ottawa Senators,Chicago Blackhawks,2019
2019020721,Winnipeg Jets,Vancouver Canucks,2019
2019020722,Colorado Avalanche,Dallas Stars,2019
2019020723,Edmonton Oilers,Nashville Predators,2019
2019020724,Arizona Coyotes,San Jose Sharks,2019
2019020725,Montréal Canadiens,Chicago Blackhawks,2019
2019020726,St. Louis Blues,Philadelphia Flyers,2019
2019020727,Boston Bruins,Pittsburgh Penguins,2019
2019020728,Toronto Maple Leafs,Calgary Flames,2019
2019020729,Florida Panthers,Los Angeles Kings,2019
2019020730,New York Islanders,New York Rangers,2019
2019020731,Philadelphia Flyers,Montréal Canadiens,2019
2019020732,Washington Capitals,New Jersey Devils,2019
2019020733,Columbus Blue Jackets,Carolina Hurricanes,2019
2019020734,Ottawa Senators,Vegas Golden Knights,2019
2019020735,Nashville Predators,Anaheim Ducks,2019
2019020736,Minnesota Wild,Tampa Bay Lightning,2019
2019020737,Dallas Stars,Buffalo Sabres,2019
2019020738,Colorado Avalanche,San Jose Sharks,2019
2019020739,Vancouver Canucks,Arizona Coyotes,2019
2019020740,Detroit Red Wings,Pittsburgh Penguins,2019
2019020741,Carolina Hurricanes,Anaheim Ducks,2019
2019020742,Winnipeg Jets,Tampa Bay Lightning,2019
2019020743,New York Islanders,Washington Capitals,2019
2019020744,Colorado Avalanche,St. Louis Blues,2019
2019020745,Edmonton Oilers,Arizona Coyotes,2019
2019020746,Ottawa Senators,Calgary Flames,2019
2019020747,Toronto Maple Leafs,Chicago Blackhawks,2019
2019020748,Montréal Canadiens,Vegas Golden Knights,2019
2019020749,Detroit Red Wings,Florida Panthers,2019
2019020750,Philadelphia Flyers,Los Angeles Kings,2019
2019020751,Columbus Blue Jackets,New Jersey Devils,2019
2019020752,Nashville Predators,Buffalo Sabres,2019
2019020753,Minnesota Wild,Dallas Stars,2019
2019020754,Vancouver Canucks,San Jose Sharks,2019
2019020755,Pittsburgh Penguins,Boston Bruins,2019
2019020756,Carolina Hurricanes,New York Islanders,2019
2019020757,New York Rangers,Columbus Blue Jackets,2019
2019020758,Chicago Blackhawks,Winnipeg Jets,2019
2019020759,Colorado Avalanche,Detroit Red Wings,2019
2019020760,Minnesota Wild,Florida Panthers,2019
2019020761,Boston Bruins,Vegas Golden Knights,2019
2019020762,New York Rangers,New York Islanders,2019
2019020763,Philadelphia Flyers,Pittsburgh Penguins,2019
2019020764,Carolina Hurricanes,Winnipeg Jets,2019
2019020765,Chicago Blackhawks,Florida Panthers,2019
2019020766,Columbus Blue Jackets,Winnipeg Jets,2019
2019020767,Minnesota Wild,Detroit Red Wings,2019
2019020768,Montréal Canadiens,Washington Capitals,2019
2019020769,Ottawa Senators,New Jersey Devils,2019
2019020770,Nashville Predators,Toronto Maple Leafs,2019
2019020771,Dallas Stars,Tampa Bay Lightning,2019
2019020772,Vancouver Canucks,St. Louis Blues,2019
2019020773,San Jose Sharks,Anaheim Ducks,2019
2019020774,Buffalo Sabres,Ottawa Senators,2019
2019020775,Calgary Flames,St. Louis Blues,2019
2019020776,Washington Capitals,Nashville Predators,2019
2019020777,Dallas Stars,Toronto Maple Leafs,2019
2019020778,Edmonton Oilers,Calgary Flames,2019
2019020779,Anaheim Ducks,Arizona Coyotes,2019
2019020780,Los Angeles Kings,Tampa Bay Lightning,2019
2019020781,San Jose Sharks,Vancouver Canucks,2019
2019020782,Buffalo Sabres,Montréal Canadiens,2019
2019020783,New Jersey Devils,Nashville Predators,2019
2019020784,Arizona Coyotes,Los Angeles Kings,2019
2019020785,New York Rangers,Detroit Red Wings,2019
2019020786,Pittsburgh Penguins,Philadelphia Flyers,2019
2019020787,Ottawa Senators,Washington Capitals,2019
2019020788,Carolina Hurricanes,Vegas Golden Knights,2019
2019020789,Winnipeg Jets,Boston Bruins,2019
2019020790,Edmonton Oilers,St. Louis Blues,2019
2019020791,Anaheim Ducks,Tampa Bay Lightning,2019
2019020792,Buffalo Sabres,Columbus Blue Jackets,2019
2019020793,New York Islanders,Vancouver Canucks,2019
2019020794,Montréal Canadiens,Florida Panthers,2019
2019020795,Toronto Maple Leafs,Ottawa Senators,2019
2019020796,Detroit Red Wings,New York Rangers,2019
2019020797,New Jersey Devils,Dallas Stars,2019
2019020798,Philadelphia Flyers,Colorado Avalanche,2019
2019020799,Winnipeg Jets,St. Louis Blues,2019
2019020800,Nashville Predators,Vegas Golden Knights,2019
2019020801,Minnesota Wild,Boston Bruins,2019
2019020802,Arizona Coyotes,Chicago Blackhawks,2019
2019020803,Calgary Flames,Edmonton Oilers,2019
2019020804,Los Angeles Kings,Anaheim Ducks,2019
2019020805,San Jose Sharks,Tampa Bay Lightning,2019
2019020806,Washington Capitals,Pittsburgh Penguins,2019
2019020807,Montréal Canadiens,Columbus Blue Jackets,2019
2019020808,Carolina Hurricanes,Vancouver Canucks,2019
2019020809,Toronto Maple Leafs,Florida Panthers,2019
2019020810,New York Rangers,Dallas Stars,2019
2019020811,Detroit Red Wings,Philadelphia Flyers,2019
2019020812,Boston Bruins,Vancouver Canucks,2019
2019020813,Buffalo Sabres,Colorado Avalanche,2019
2019020814,Tampa Bay Lightning,Vegas Golden Knights,2019
2019020815,New Jersey Devils,Montréal Canadiens,2019
2019020816,New York Islanders,Dallas Stars,2019
2019020817,Washington Capitals,Los Angeles Kings,2019
2019020818,Columbus Blue Jackets,Florida Panthers,2019
2019020819,Ottawa Senators,Anaheim Ducks,2019
2019020820,St. Louis Blues,Carolina Hurricanes,2019
2019020821,Minnesota Wild,Chicago Blackhawks,2019
2019020822,Winnipeg Jets,Nashville Predators,2019
2019020823,Calgary Flames,San Jose Sharks,2019
2019020824,Arizona Coyotes,Edmonton Oilers,2019
2019020825,New York Rangers,Toronto Maple Leafs,2019
2019020826,Chicago Blackhawks,Boston Bruins,2019
2019020827,Buffalo Sabres,Detroit Red Wings,2019
2019020828,Montréal Canadiens,Anaheim Ducks,2019
2019020829,Tampa Bay Lightning,Pittsburgh Penguins,2019
2019020830,Florida Panthers,Vegas Golden Knights,2019
2019020831,New York Islanders,Los Angeles Kings,2019
2019020832,Philadelphia Flyers,New Jersey Devils,2019
2019020833,Ottawa Senators,Colorado Avalanche,2019
2019020834,St. Louis Blues,Winnipeg Jets,2019
2019020835,Minnesota Wild,Vancouver Canucks,2019
2019020836,Calgary Flames,Nashville Predators,2019
2019020837,Edmonton Oilers,San Jose Sharks,2019
2019020838,Arizona Coyotes,Carolina Hurricanes,2019
2019020839,Toronto Maple Leafs,Anaheim Ducks,2019
2019020840,New York Rangers,Buffalo Sabres,2019
2019020841,Columbus Blue Jackets,Detroit Red Wings,2019
2019020842,Dallas Stars,Minnesota Wild,2019
2019020843,Winnipeg Jets,Ottawa Senators,2019
2019020844,Boston Bruins,Arizona Coyotes,2019
2019020845,Montréal Canadiens,Toronto Maple Leafs,2019
2019020846,Tampa Bay Lightning,New York Islanders,2019
2019020847,Florida Panthers,Pittsburgh Penguins,2019
2019020848,New Jersey Devils,Los Angeles Kings,2019
2019020849,Washington Capitals,Philadelphia Flyers,2019
2019020850,Columbus Blue Jackets,Colorado Avalanche,2019
2019020851,Edmonton Oilers,Nashville Predators,2019
2019020852,St. Louis Blues,Dallas Stars,2019
2019020853,Vancouver Canucks,Calgary Flames,2019
2019020854,Vegas Golden Knights,Carolina Hurricanes,2019
2019020855,Detroit Red Wings,Boston Bruins,2019
2019020856,Buffalo Sabres,Anaheim Ducks,2019
2019020857,New York Rangers,Los Angeles Kings,2019
2019020858,Winnipeg Jets,Chicago Blackhawks,2019
2019020859,Minnesota Wild,Colorado Avalanche,2019
2019020860,Montréal Canadiens,Arizona Coyotes,2019
2019020861,Philadelphia Flyers,Florida Panthers,2019
2019020862,Washington Capitals,New York Islanders,2019
2019020863,Columbus Blue Jackets,Tampa Bay Lightning,2019
2019020864,Vancouver Canucks,Nashville Predators,2019
2019020865,San Jose Sharks,Calgary Flames,2019
2019020866,Buffalo Sabres,Detroit Red Wings,2019
2019020867,Toronto Maple Leafs,Arizona Coyotes,2019
2019020868,New Jersey Devils,Florida Panthers,2019
2019020869,New York Islanders,Philadelphia Flyers,2019
2019020870,Pittsburgh Penguins,Tampa Bay Lightning,2019
2019020871,Minnesota Wild,Vegas Golden Knights,2019
2019020872,Winnipeg Jets,New York Rangers,2019
2019020873,Dallas Stars,Carolina Hurricanes,2019
2019020874,Colorado Avalanche,Ottawa Senators,2019
2019020875,Edmonton Oilers,Chicago Blackhawks,2019
2019020876,Anaheim Ducks,St. Louis Blues,2019
2019020877,Boston Bruins,Montréal Canadiens,2019
2019020878,Los Angeles Kings,Calgary Flames,2019
2019020879,Vancouver Canucks,Chicago Blackhawks,2019
2019020880,Buffalo Sabres,Columbus Blue Jackets,2019
2019020881,Toronto Maple Leafs,Dallas Stars,2019
2019020882,Tampa Bay Lightning,Edmonton Oilers,2019
2019020883,Florida Panthers,Philadelphia Flyers,2019
2019020884,New Jersey Devils,Detroit Red Wings,2019
2019020885,Ottawa Senators,Arizona Coyotes,2019
2019020886,Nashville Predators,New York Islanders,2019
2019020887,Minnesota Wild,New York Rangers,2019
2019020888,Colorado Avalanche,Washington Capitals,2019
2019020889,Vegas Golden Knights,St. Louis Blues,2019
2019020890,Anaheim Ducks,Calgary Flames,2019
2019020891,Pittsburgh Penguins,Montréal Canadiens,2019
2019020892,Columbus Blue Jackets,New York Rangers,2019
2019020893,Winnipeg Jets,San Jose Sharks,2019
2019020894,Carolina Hurricanes,New Jersey Devils,2019
2019020895,Boston Bruins,Detroit Red Wings,2019
2019020896,St. Louis Blues,Nashville Predators,2019
2019020897,Tampa Bay Lightning,Philadelphia Flyers,2019
2019020898,Florida Panthers,Edmonton Oilers,2019
2019020899,Minnesota Wild,San Jose Sharks,2019
2019020900,Montréal Canadiens,Dallas Stars,2019
2019020901,Ottawa Senators,Toronto Maple Leafs,2019
2019020902,Colorado Avalanche,Los Angeles Kings,2019
2019020903,Calgary Flames,Chicago Blackhawks,2019
2019020904,Arizona Coyotes,Washington Capitals,2019
2019020905,Vegas Golden Knights,New York Islanders,2019
2019020906,Pittsburgh Penguins,Detroit Red Wings,2019
2019020907,New York Rangers,Boston Bruins,2019
2019020908,Carolina Hurricanes,Edmonton Oilers,2019
2019020909,Vancouver Canucks,Anaheim Ducks,2019
2019020910,Ottawa Senators,Dallas Stars,2019
2019020911,New Jersey Devils,Columbus Blue Jackets,2019
2019020912,Nashville Predators,St. Louis Blues,2019
2019020913,Buffalo Sabres,Toronto Maple Leafs,2019
2019020914,Winnipeg Jets,Chicago Blackhawks,2019
2019020915,Calgary Flames,Anaheim Ducks,2019
2019020916,Arizona Coyotes,New York Islanders,2019
2019020917,San Jose Sharks,Florida Panthers,2019
2019020918,Vegas Golden Knights,Washington Capitals,2019
2019020919,Colorado Avalanche,Tampa Bay Lightning,2019
2019020920,Philadelphia Flyers,Columbus Blue Jackets,2019
2019020921,Pittsburgh Penguins,Toronto Maple Leafs,2019
2019020922,Ottawa Senators,Buffalo Sabres,2019
2019020923,Detroit Red Wings,Montréal Canadiens,2019
2019020924,St. Louis Blues,New Jersey Devils,2019
2019020925,Nashville Predators,Carolina Hurricanes,2019
2019020926,Winnipeg Jets,Los Angeles Kings,2019
2019020927,Chicago Blackhawks,New York Rangers,2019
2019020928,Dallas Stars,Arizona Coyotes,2019
2019020929,Edmonton Oilers,Boston Bruins,2019
2019020930,Colorado Avalanche,New York Islanders,2019
2019020931,Anaheim Ducks,Florida Panthers,2019
2019020932,Vancouver Canucks,Minnesota Wild,2019
2019020933,Toronto Maple Leafs,Pittsburgh Penguins,2019
2019020934,New Jersey Devils,San Jose Sharks,2019
2019020935,Washington Capitals,Montréal Canadiens,2019
2019020936,Columbus Blue Jackets,Philadelphia Flyers,2019
2019020937,Ottawa Senators,Winnipeg Jets,2019
2019020938,St. Louis Blues,Arizona Coyotes,2019
2019020939,Vegas Golden Knights,Tampa Bay Lightning,2019
2019020940,Los Angeles Kings,Florida Panthers,2019
2019020941,New York Islanders,Detroit Red Wings,2019
2019020942,Carolina Hurricanes,New York Rangers,2019
2019020943,Chicago Blackhawks,Nashville Predators,2019
2019020944,Dallas Stars,St. Louis Blues,2019
2019020945,Calgary Flames,Boston Bruins,2019
2019020946,Edmonton Oilers,Minnesota Wild,2019
2019020947,Anaheim Ducks,Colorado Avalanche,2019
2019020948,New Jersey Devils,Washington Capitals,2019
2019020949,Philadelphia Flyers,Winnipeg Jets,2019
2019020950,Pittsburgh Penguins,Buffalo Sabres,2019
2019020951,Toronto Maple Leafs,Carolina Hurricanes,2019
2019020952,Ottawa Senators,Montréal Canadiens,2019
2019020953,New York Rangers,San Jose Sharks,2019
2019020954,Nashville Predators,Columbus Blue Jackets,2019
2019020955,Arizona Coyotes,Tampa Bay Lightning,2019
2019020956,Vancouver Canucks,Boston Bruins,2019
2019020957,Vegas Golden Knights,Florida Panthers,2019
2019020958,Los Angeles Kings,Colorado Avalanche,2019
2019020959,Washington Capitals,Pittsburgh Penguins,2019
2019020960,Buffalo Sabres,Winnipeg Jets,2019
2019020961,Dallas Stars,Chicago Blackhawks,2019
2019020962,New York Islanders,San Jose Sharks,2019
2019020963,Detroit Red Wings,Calgary Flames,2019
2019020964,Minnesota Wild,St. Louis Blues,2019
2019020965,Anaheim Ducks,Vegas Golden Knights,2019
2019020966,Los Angeles Kings,Edmonton Oilers,2019
2019020967,Columbus Blue Jackets,Ottawa Senators,2019
2019020968,Boston Bruins,Calgary Flames,2019
2019020969,Montréal Canadiens,Vancouver Canucks,2019
2019020970,Tampa Bay Lightning,Toronto Maple Leafs,2019
2019020971,New York Islanders,New York Rangers,2019
2019020972,Philadelphia Flyers,San Jose Sharks,2019
2019020973,Washington Capitals,Winnipeg Jets,2019
2019020974,Carolina Hurricanes,Dallas Stars,2019
2019020975,Detroit Red Wings,New Jersey Devils,2019
2019020976,St. Louis Blues,Chicago Blackhawks,2019
2019020977,Nashville Predators,Ottawa Senators,2019
2019020978,Minnesota Wild,Columbus Blue Jackets,2019
2019020979,Arizona Coyotes,Florida Panthers,2019
2019020980,Anaheim Ducks,Edmonton Oilers,2019
2019020981,Colorado Avalanche,Buffalo Sabres,2019
2019020982,Vegas Golden Knights,Edmonton Oilers,2019
2019020983,Los Angeles Kings,Pittsburgh Penguins,2019
2019020984,Boston Bruins,Dallas Stars,2019
2019020985,Montréal Canadiens,New York Rangers,2019
2019020986,Tampa Bay Lightning,Chicago Blackhawks,2019
2019020987,Florida Panthers,Toronto Maple Leafs,2019
2019020988,Ottawa Senators,Vancouver Canucks,2019
2019020989,Detroit Red Wings,Minnesota Wild,2019
2019020990,St. Louis Blues,New York Islanders,2019
2019020991,Nashville Predators,Calgary Flames,2019
2019020992,Winnipeg Jets,Washington Capitals,2019
2019020993,San Jose Sharks,New Jersey Devils,2019
2019020994,Philadelphia Flyers,New York Rangers,2019
2019020995,Columbus Blue Jackets,Minnesota Wild,2019
2019020996,Carolina Hurricanes,Colorado Avalanche,2019
2019020997,Vegas Golden Knights,Buffalo Sabres,2019
2019020998,Anaheim Ducks,Pittsburgh Penguins,2019
2019020999,New York Islanders,Boston Bruins,2019
2019021000,Tampa Bay Lightning,Calgary Flames,2019
2019021001,Los Angeles Kings,New Jersey Devils,2019
2019021002,Florida Panthers,Chicago Blackhawks,2019
2019021003,Toronto Maple Leafs,Vancouver Canucks,2019
2019021004,Montréal Canadiens,Carolina Hurricanes,2019
2019021005,Ottawa Senators,Detroit Red Wings,2019
2019021006,St. Louis Blues,Dallas Stars,2019
2019021007,Nashville Predators,Colorado Avalanche,2019
2019021008,Arizona Coyotes,Buffalo Sabres,2019
2019021009,Edmonton Oilers,Winnipeg Jets,2019
2019021010,San Jose Sharks,Pittsburgh Penguins,2019
2019021011,New York Rangers,Philadelphia Flyers,2019
2019021012,Florida Panthers,Calgary Flames,2019
2019021013,Columbus Blue Jackets,Vancouver Canucks,2019
2019021014,Minnesota Wild,Washington Capitals,2019
2019021015,Anaheim Ducks,New Jersey Devils,2019
2019021016,Vegas Golden Knights,Los Angeles Kings,2019
2019021017,Detroit Red Wings,Colorado Avalanche,2019
2019021018,Nashville Predators,Edmonton Oilers,2019
2019021019,Tampa Bay Lightning,Boston Bruins,2019
2019021020,New York Islanders,Montréal Canadiens,2019
2019021021,New York Rangers,St. Louis Blues,2019
2019021022,Pittsburgh Penguins,Ottawa Senators,2019
2019021023,Minnesota Wild,Nashville Predators,2019
2019021024,Winnipeg Jets,Buffalo Sabres,2019
2019021025,Chicago Blackhawks,Anaheim Ducks,2019
2019021026,Dallas Stars,Edmonton Oilers,2019
2019021027,Vegas Golden Knights,New Jersey Devils,2019
2019021028,San Jose Sharks,Toronto Maple Leafs,2019
2019021029,Washington Capitals,Philadelphia Flyers,2019
2019021030,Calgary Flames,Columbus Blue Jackets,2019
2019021031,Colorado Avalanche,Anaheim Ducks,2019
2019021032,Vancouver Canucks,Arizona Coyotes,2019
2019021033,Buffalo Sabres,Pittsburgh Penguins,2019
2019021034,Tampa Bay Lightning,Montréal Canadiens,2019
2019021035,Florida Panthers,Boston Bruins,2019
2019021036,New York Rangers,Washington Capitals,2019
2019021037,Philadelphia Flyers,Carolina Hurricanes,2019
2019021038,Ottawa Senators,New York Islanders,2019
2019021039,Nashville Predators,Dallas Stars,2019
2019021040,Chicago Blackhawks,Edmonton Oilers,2019
2019021041,Los Angeles Kings,Toronto Maple Leafs,2019
2019021042,San Jose Sharks,Minnesota Wild,2019
2019021043,New Jersey Devils,St. Louis Blues,2019
2019021044,Detroit Red Wings,Chicago Blackhawks,2019
2019021045,Winnipeg Jets,Vegas Golden Knights,2019
2019021046,Calgary Flames,Arizona Coyotes,2019
2019021047,Vancouver Canucks,Colorado Avalanche,2019
2019021048,Anaheim Ducks,Toronto Maple Leafs,2019
2019021049,New York Islanders,Carolina Hurricanes,2019
2019021050,Pittsburgh Penguins,Washington Capitals,2019
2019021051,Dallas Stars,Nashville Predators,2019
2019021052,Los Angeles Kings,Minnesota Wild,2019
2019021053,Boston Bruins,Tampa Bay Lightning,2019
2019021054,Florida Panthers,Montréal Canadiens,2019
2019021055,New York Rangers,New Jersey Devils,2019
2019021056,Philadelphia Flyers,Buffalo Sabres,2019
2019021057,San Jose Sharks,Ottawa Senators,2019
2019021058,Edmonton Oilers,Columbus Blue Jackets,2019
2019021059,Pittsburgh Penguins,Carolina Hurricanes,2019
2019021060,Detroit Red Wings,Tampa Bay Lightning,2019
2019021061,Chicago Blackhawks,St. Louis Blues,2019
2019021062,Calgary Flames,Vegas Golden Knights,2019
2019021063,Anaheim Ducks,Minnesota Wild,2019
2019021064,Vancouver Canucks,Columbus Blue Jackets,2019
2019021065,San Jose Sharks,Colorado Avalanche,2019
2019021066,Buffalo Sabres,Washington Capitals,2019
2019021067,Winnipeg Jets,Arizona Coyotes,2019
2019021068,Edmonton Oilers,Vegas Golden Knights,2019
2019021069,Los Angeles Kings,Colorado Avalanche,2019
2019021070,Toronto Maple Leafs,Tampa Bay Lightning,2019
2019021071,Montréal Canadiens,Nashville Predators,2019
2019021072,New Jersey Devils,Pittsburgh Penguins,2019
2019021073,Philadelphia Flyers,Boston Bruins,2019
2019021074,Detroit Red Wings,Carolina Hurricanes,2019
2019021075,St. Louis Blues,Florida Panthers,2019
2019021076,Dallas Stars,New York Rangers,2019
2019021077,Vancouver Canucks,New York Islanders,2019
2019021078,Anaheim Ducks,Ottawa Senators,2019
2019021079,Chicago Blackhawks,San Jose Sharks,2019
2019021080,Edmonton Oilers,Winnipeg Jets,2019
2019021081,Colorado Avalanche,New York Rangers,2019
2019021082,Los Angeles Kings,Ottawa Senators,2019
2019021083,Toronto Maple Leafs,Nashville Predators,2019
2019021084,Montréal Canadiens,Buffalo Sabres,2019
2019021085,Tampa Bay Lightning,Philadelphia Flyers,2019
2019021086,New Jersey Devils,Carolina Hurricanes,2019
2019021087,Washington Capitals,Detroit Red Wings,2019
2019021088,Columbus Blue Jackets,Pittsburgh Penguins,2019
2019021089,Minnesota Wild,Vegas Golden Knights,2019
2019021090,Dallas Stars,Florida Panthers,2019
2019021091,Calgary Flames,New York Islanders,2019
2019021092,Arizona Coyotes,Vancouver Canucks,2019
2019021093,Buffalo Sabres,Boston Bruins,2019
2019021094,St. Louis Blues,San Jose Sharks,2019
2019021095,Chicago Blackhawks,Ottawa Senators,2019
2019021096,Colorado Avalanche,Vancouver Canucks,2019
2019021097,Edmonton Oilers,New York Islanders,2019
2019021098,Philadelphia Flyers,Minnesota Wild,2019
2019021099,Tampa Bay Lightning,Detroit Red Wings,2019
2019021100,Los Angeles Kings,Anaheim Ducks,2019
2019021101,Boston Bruins,Toronto Maple Leafs,2019
2019021102,Florida Panthers,New Jersey Devils,2019
2019021103,Washington Capitals,Chicago Blackhawks,2019
2019021104,Carolina Hurricanes,Pittsburgh Penguins,2019
2019021105,Columbus Blue Jackets,Nashville Predators,2019
2019021106,Dallas Stars,San Jose Sharks,2019
2019021107,Arizona Coyotes,New York Rangers,2019
2019021108,Calgary Flames,Winnipeg Jets,2019
2019021109,Philadelphia Flyers,Edmonton Oilers,2019
2019021110,St. Louis Blues,Ottawa Senators,2019
2019021111,Colorado Avalanche,Vegas Golden Knights,2019
2019021112,Anaheim Ducks,Montréal Canadiens,2019
2019021113,Buffalo Sabres,Carolina Hurricanes,2019
2019021114,Tampa Bay Lightning,New Jersey Devils,2019
2019021115,Pittsburgh Penguins,New York Islanders,2019
2019021116,Minnesota Wild,Nashville Predators,2019
2019021117,Vancouver Canucks,Winnipeg Jets,2019
2019021118,Boston Bruins,Columbus Blue Jackets,2019
2019021119,New York Rangers,Calgary Flames,2019
2019021120,Washington Capitals,Edmonton Oilers,2019
2019021121,Detroit Red Wings,Florida Panthers,2019
2019021122,Arizona Coyotes,Dallas Stars,2019
2019021123,Toronto Maple Leafs,New Jersey Devils,2019
2019021124,New York Islanders,Calgary Flames,2019
2019021125,Philadelphia Flyers,St. Louis Blues,2019
2019021126,Carolina Hurricanes,Buffalo Sabres,2019
2019021127,Minnesota Wild,Chicago Blackhawks,2019
2019021128,Winnipeg Jets,Florida Panthers,2019
2019021129,Colorado Avalanche,San Jose Sharks,2019
2019021130,Vegas Golden Knights,Dallas Stars,2019
2019021131,Los Angeles Kings,Montréal Canadiens,2019
2019021132,Ottawa Senators,Edmonton Oilers,2019
2019021133,New York Rangers,Pittsburgh Penguins,2019
2019021134,Vancouver Canucks,Tampa Bay Lightning,2019
2019021135,Arizona Coyotes,Vegas Golden Knights,2019
2019021136,Anaheim Ducks,Boston Bruins,2019
2019021137,Toronto Maple Leafs,New York Islanders,2019
2019021138,Florida Panthers,Buffalo Sabres,2019
2019021139,New Jersey Devils,Calgary Flames,2019
2019021140,Carolina Hurricanes,St. Louis Blues,2019
2019021141,Columbus Blue Jackets,Washington Capitals,2019
2019021142,Nashville Predators,Colorado Avalanche,2019
2019021143,Chicago Blackhawks,Minnesota Wild,2019
2019021144,Los Angeles Kings,Boston Bruins,2019
2019021145,San Jose Sharks,Montréal Canadiens,2019
2019021146,Pittsburgh Penguins,New York Rangers,2019
2019021147,Washington Capitals,Ottawa Senators,2019
2019021148,Winnipeg Jets,Minnesota Wild,2019
2019021149,Dallas Stars,Philadelphia Flyers,2019
2019021150,Edmonton Oilers,Tampa Bay Lightning,2019
2019021151,Anaheim Ducks,Vancouver Canucks,2019
2019021152,Arizona Coyotes,Detroit Red Wings,2019
2019021153,Buffalo Sabres,Chicago Blackhawks,2019
2019021154,Toronto Maple Leafs,Columbus Blue Jackets,2019
2019021155,Florida Panthers,St. Louis Blues,2019
2019021156,New Jersey Devils,New York Islanders,2019
2019021157,Carolina Hurricanes,Ottawa Senators,2019
2019021158,Colorado Avalanche,Montréal Canadiens,2019
2019021159,Nashville Predators,Philadelphia Flyers,2019
2019021160,Calgary Flames,Tampa Bay Lightning,2019
2019021161,Vegas Golden Knights,Detroit Red Wings,2019
2019021162,Los Angeles Kings,Vancouver Canucks,2019
2019021163,San Jose Sharks,Boston Bruins,2019
2019021164,Pittsburgh Penguins,Washington Capitals,2019
2019021165,Buffalo Sabres,New York Rangers,2019
2019021166,New York Islanders,Carolina Hurricanes,2019
2019021167,Chicago Blackhawks,Nashville Predators,2019
2019021168,Dallas Stars,Winnipeg Jets,2019
2019021169,Los Angeles Kings,Arizona Coyotes,2019
2019021170,Toronto Maple Leafs,Florida Panthers,2019
2019021171,New Jersey Devils,Columbus Blue Jackets,2019
2019021172,Minnesota Wild,Colorado Avalanche,2019
2019021173,Calgary Flames,San Jose Sharks,2019
2019021174,Edmonton Oilers,Anaheim Ducks,2019
2019021175,Vegas Golden Knights,Vancouver Canucks,2019
2019021176,Boston Bruins,Detroit Red Wings,2019
2019021177,Montréal Canadiens,Buffalo Sabres,2019
2019021178,New York Rangers,Columbus Blue Jackets,2019
2019021179,Philadelphia Flyers,New York Islanders,2019
2019021180,Pittsburgh Penguins,Carolina Hurricanes,2019
2019021181,Washington Capitals,St. Louis Blues,2019
2019021182,Ottawa Senators,Florida Panthers,2019
2019021183,Nashville Predators,Winnipeg Jets,2019
2019021184,Dallas Stars,Los Angeles Kings,2019
2019021185,Tampa Bay Lightning,Toronto Maple Leafs,2019
2019021186,Chicago Blackhawks,Pittsburgh Penguins,2019
2019021187,Calgary Flames,Anaheim Ducks,2019
2019021188,Edmonton Oilers,Colorado Avalanche,2019
2019021189,Vancouver Canucks,San Jose Sharks,2019
2019021190,Vegas Golden Knights,Arizona Coyotes,2019
2019021191,Boston Bruins,Ottawa Senators,2019
2019021192,Montréal Canadiens,Florida Panthers,2019
2019021193,New York Islanders,Buffalo Sabres,2019
2019021194,Washington Capitals,New York Rangers,2019
2019021195,Carolina Hurricanes,Toronto Maple Leafs,2019
2019021196,Detroit Red Wings,Philadelphia Flyers,2019
2019021197,Nashville Predators,Los Angeles Kings,2019
2019021198,Minnesota Wild,New Jersey Devils,2019
2019021199,Tampa Bay Lightning,Columbus Blue Jackets,2019
2019021200,St. Louis Blues,Los Angeles Kings,2019
2019021201,Winnipeg Jets,Colorado Avalanche,2019
2019021202,Chicago Blackhawks,Dallas Stars,2019
2019021203,Edmonton Oilers,San Jose Sharks,2019
2019021204,Vancouver Canucks,Calgary Flames,2019
2019021205,New Jersey Devils,Philadelphia Flyers,2019
2019021206,Carolina Hurricanes,Pittsburgh Penguins,2019
2019021207,Boston Bruins,Florida Panthers,2019
2019021208,Montréal Canadiens,New York Islanders,2019
2019021209,Ottawa Senators,Toronto Maple Leafs,2019
2019021210,Detroit Red Wings,Washington Capitals,2019
2019021211,Tampa Bay Lightning,New York Rangers,2019
2019021212,Dallas Stars,Columbus Blue Jackets,2019
2019021213,Minnesota Wild,Buffalo Sabres,2019
2019021214,Arizona Coyotes,Nashville Predators,2019
2019021215,Vancouver Canucks,Anaheim Ducks,2019
2019021216,Philadelphia Flyers,Pittsburgh Penguins,2019
2019021217,New Jersey Devils,Carolina Hurricanes,2019
2019021218,Chicago Blackhawks,Los Angeles Kings,2019
2019021219,Winnipeg Jets,Vegas Golden Knights,2019
2019021220,St. Louis Blues,Minnesota Wild,2019
2019021221,Edmonton Oilers,Anaheim Ducks,2019
2019021222,Colorado Avalanche,Nashville Predators,2019
2019021223,San Jose Sharks,Arizona Coyotes,2019
2019021224,Buffalo Sabres,Washington Capitals,2019
2019021225,Florida Panthers,New York Rangers,2019
2019021226,Columbus Blue Jackets,New York Islanders,2019
2019021227,Dallas Stars,Vancouver Canucks,2019
2019021228,Tampa Bay Lightning,Ottawa Senators,2019
2019021229,New York Islanders,Minnesota Wild,2019
2019021230,Pittsburgh Penguins,New Jersey Devils,2019
2019021231,Washington Capitals,Toronto Maple Leafs,2019
2019021232,Carolina Hurricanes,Boston Bruins,2019
2019021233,St. Louis Blues,Detroit Red Wings,2019
2019021234,Chicago Blackhawks,Montréal Canadiens,2019
2019021235,Colorado Avalanche,Arizona Coyotes,2019
2019021236,Calgary Flames,Winnipeg Jets,2019
2019021237,Edmonton Oilers,Vegas Golden Knights,2019
2019021238,Los Angeles Kings,San Jose Sharks,2019
2019021239,New York Rangers,Philadelphia Flyers,2019
2019021240,Nashville Predators,Montréal Canadiens,2019
2019021241,Anaheim Ducks,Dallas Stars,2019
2019021242,Toronto Maple Leafs,Detroit Red Wings,2019
2019021243,Florida Panthers,Ottawa Senators,2019
2019021244,New Jersey Devils,Buffalo Sabres,2019
2019021245,New York Islanders,Chicago Blackhawks,2019
2019021246,Philadelphia Flyers,Nashville Predators,2019
2019021247,Pittsburgh Penguins,New York Rangers,2019
2019021248,Washington Capitals,Minnesota Wild,2019
2019021249,Columbus Blue Jackets,Tampa Bay Lightning,2019
2019021250,St. Louis Blues,Boston Bruins,2019
2019021251,Colorado Avalanche,Winnipeg Jets,2019
2019021252,Calgary Flames,Vegas Golden Knights,2019
2019021253,Arizona Coyotes,Vancouver Canucks,2019
2019021254,San Jose Sharks,Dallas Stars,2019
2019021255,Carolina Hurricanes,Columbus Blue Jackets,2019
2019021256,Anaheim Ducks,Los Angeles Kings,2019
2019021257,New York Rangers,Chicago Blackhawks,2019
2019021258,Colorado Avalanche,St. Louis Blues,2019
2019021259,Arizona Coyotes,Winnipeg Jets,2019
2019021260,Boston Bruins,Carolina Hurricanes,2019
2019021261,Buffalo Sabres,Philadelphia Flyers,2019
2019021262,Toronto Maple Leafs,Montréal Canadiens,2019
2019021263,Ottawa Senators,Pittsburgh Penguins,2019
2019021264,Detroit Red Wings,Tampa Bay Lightning,2019
2019021265,Florida Panthers,Washington Capitals,2019
2019021266,New York Islanders,New Jersey Devils,2019
2019021267,Nashville Predators,Minnesota Wild,2019
2019021268,Calgary Flames,Edmonton Oilers,2019
2019021269,Vancouver Canucks,Vegas Golden Knights,2019
2019021270,Los Angeles Kings,Dallas Stars,2019
2019021271,San Jose Sharks,Anaheim Ducks,2019
